href,title
/wiki/Miya,Miya
/wiki/Balmond,Balmond
/wiki/Saber,Saber
/wiki/Alice,Alice
/wiki/Nana,Nana
/wiki/Tigreal,Tigreal
/wiki/Alucard,Alucard
/wiki/Karina,Karina
/wiki/Akai,Akai
/wiki/Franco,Franco
/wiki/Bane,Bane
/wiki/Bruno,Bruno
/wiki/Clint,Clint
/wiki/Rafaela,Rafaela
/wiki/Eudora,Eudora
/wiki/Zilong,Zilong
/wiki/Fanny,Fanny
/wiki/Layla,Layla
/wiki/Minotaur,Minotaur
/wiki/Lolita,Lolita
/wiki/Hayabusa,Hayabusa
/wiki/Freya,Freya
/wiki/Gord,Gord
/wiki/Natalia,Natalia
/wiki/Kagura,Kagura
/wiki/Chou,Chou
/wiki/Sun,Sun
/wiki/Alpha,Alpha
/wiki/Ruby,Ruby
/wiki/Yi_Sun-shin,Yi Sun-shin
/wiki/Moskov,Moskov
/wiki/Johnson,Johnson
/wiki/Cyclops,Cyclops
/wiki/Estes,Estes
/wiki/Hilda,Hilda
/wiki/Aurora,Aurora
/wiki/Lapu-Lapu,Lapu-Lapu
/wiki/Vexana,Vexana
/wiki/Roger,Roger
/wiki/Karrie,Karrie
/wiki/Gatotkaca,Gatotkaca
/wiki/Harley,Harley
/wiki/Irithel,Irithel
/wiki/Grock,Grock
/wiki/Argus,Argus
/wiki/Odette,Odette
/wiki/Lancelot,Lancelot
/wiki/Diggie,Diggie
/wiki/Hylos,Hylos
/wiki/Zhask,Zhask
/wiki/Helcurt,Helcurt
/wiki/Pharsa,Pharsa
/wiki/Lesley,Lesley
/wiki/Jawhead,Jawhead
/wiki/Angela,Angela
/wiki/Gusion,Gusion
/wiki/Valir,Valir
/wiki/Martis,Martis
/wiki/Uranus,Uranus
/wiki/Hanabi,Hanabi
/wiki/Chang%27e,Chang'e
/wiki/Kaja,Kaja
/wiki/Selena,Selena
/wiki/Aldous,Aldous
/wiki/Claude,Claude
/wiki/Vale,Vale
/wiki/Leomord,Leomord
/wiki/Lunox,Lunox
/wiki/Hanzo,Hanzo
/wiki/Belerick,Belerick
/wiki/Kimmy,Kimmy
/wiki/Thamuz,Thamuz
/wiki/Harith,Harith
/wiki/Minsitthar,Minsitthar
/wiki/Kadita,Kadita
/wiki/Faramis,Faramis
/wiki/Badang,Badang
/wiki/Khufra,Khufra
/wiki/Granger,Granger
/wiki/Guinevere,Guinevere
/wiki/Esmeralda,Esmeralda
/wiki/Terizla,Terizla
/wiki/X.Borg,X.Borg
/wiki/Ling,Ling
/wiki/Dyrroth,Dyrroth
/wiki/Lylia,Lylia
/wiki/Baxia,Baxia
/wiki/Masha,Masha
/wiki/Wanwan,Wanwan
/wiki/Silvanna,Silvanna
/wiki/Cecilion,Cecilion
/wiki/Carmilla,Carmilla
/wiki/Atlas,Atlas
/wiki/Popol_and_Kupa,Popol and Kupa
/wiki/Yu_Zhong,Yu Zhong
/wiki/Luo_Yi,Luo Yi
/wiki/Khaleed,Khaleed
/wiki/Benedetta,Benedetta
/wiki/Barats,Barats
/wiki/Brody,Brody
/wiki/Yve,Yve
/wiki/Mathilda,Mathilda
/wiki/Paquito,Paquito
/wiki/Gloo,Gloo
/wiki/Beatrix,Beatrix
/wiki/Phoveus,Phoveus
/wiki/Natan,Natan
/wiki/Aulus,Aulus
/wiki/Aamon,Aamon
/wiki/Valentina,Valentina
/wiki/Edith,Edith
/wiki/Floryn,Floryn
/wiki/Yin,Yin
/wiki/Melissa,Melissa
/wiki/Xavier,Xavier
/wiki/Julian,Julian
/wiki/Fredrinn,Fredrinn
/wiki/Joy,Joy
